rank,exp,add_cost,add_friend,add_stamina,cost,friend,stamina
1,0,0,0,0,100,20,20
2,12,2,0,0,102,20,20
3,29,0,0,1,102,20,21
4,57,0,1,0,102,21,21
5,85,2,0,0,104,21,21
6,133,0,0,1,104,21,22
7,600,0,1,0,104,22,22
8,1200,2,0,0,106,22,22
9,2000,0,0,1,106,22,23
10,3200,0,5,0,106,27,23
11,6639,2,0,0,108,27,23
12,8344,0,0,1,108,27,24
13,10280,0,1,0,108,28,24
14,12455,2,0,0,110,28,24
15,14878,0,0,1,110,28,25
16,17556,0,1,0,110,29,25
17,20496,2,0,0,112,29,25
18,23705,0,0,1,112,29,26
19,27188,0,1,0,112,30,26
20,30954,5,0,0,117,30,26
21,35008,0,0,1,117,30,27
22,39355,0,1,0,117,31,27
23,44002,2,0,0,119,31,27
24,48955,0,0,1,119,31,28
25,54218,0,1,0,119,32,28
26,59797,2,0,0,121,32,28
27,65698,0,0,1,121,32,29
28,71925,0,1,0,121,33,29
29,78483,2,0,0,123,33,29
30,85378,0,0,5,123,33,34
31,92613,0,1,0,123,34,34
32,100195,2,0,0,125,34,34
33,108126,0,0,1,125,34,35
34,116412,0,1,0,125,35,35
35,125057,2,0,0,127,35,35
36,134066,0,0,1,127,35,36
37,143442,0,1,0,127,36,36
38,153190,2,0,0,129,36,36
39,163314,0,0,1,129,36,37
40,173818,0,5,0,129,41,37
41,184706,2,0,0,131,41,37
42,195981,0,0,1,131,41,38
43,207648,0,1,0,131,42,38
44,219711,2,0,0,133,42,38
45,232172,0,0,1,133,42,39
46,245037,0,1,0,133,43,39
47,258308,2,0,0,135,43,39
48,271989,0,0,1,135,43,40
49,286084,0,1,0,135,44,40
50,300596,5,0,0,140,44,40
51,315529,0,0,1,140,44,41
52,330885,0,1,0,140,45,41
53,346669,2,0,0,142,45,41
54,362884,0,0,1,142,45,42
55,379532,0,1,0,142,46,42
56,396618,2,0,0,144,46,42
57,414145,0,0,1,144,46,43
58,432115,0,1,0,144,47,43
59,450531,2,0,0,146,47,43
60,469398,0,0,5,146,47,48
61,488718,0,1,0,146,48,48
62,508494,2,0,0,148,48,48
63,528729,0,0,1,148,48,49
64,549426,0,1,0,148,49,49
65,570588,2,0,0,150,49,49
66,592218,0,0,1,150,49,50
67,614319,0,1,0,150,50,50
68,636894,2,0,0,152,50,50
69,659946,0,0,1,152,50,51
70,683477,5,0,0,157,50,51
71,707490,0,0,1,157,50,52
72,731988,2,0,0,159,50,52
73,756975,0,0,1,159,50,53
74,782451,2,0,0,161,50,53
75,808422,0,0,1,161,50,54
76,834888,2,0,0,163,50,54
77,861852,0,0,1,163,50,55
78,889319,2,0,0,165,50,55
79,917289,0,0,1,165,50,56
80,945765,5,0,0,170,50,56
81,974751,0,0,1,170,50,57
82,1004248,2,0,0,172,50,57
83,1034260,0,0,1,172,50,58
84,1064788,2,0,0,174,50,58
85,1095836,0,0,1,174,50,59
86,1127406,2,0,0,176,50,59
87,1159499,0,0,1,176,50,60
88,1192120,2,0,0,178,50,60
89,1225269,0,0,1,178,50,61
90,1258951,5,0,0,183,50,61
91,1293166,0,0,1,183,50,62
92,1327918,2,0,0,185,50,62
93,1363208,0,0,1,185,50,63
94,1399039,2,0,0,187,50,63
95,1435414,0,0,1,187,50,64
96,1472335,2,0,0,189,50,64
97,1509804,0,0,1,189,50,65
98,1547823,2,0,0,191,50,65
99,1586395,0,0,1,191,50,66
100,1625522,5,0,0,196,50,66
101,1665206,0,0,1,196,50,67
102,1705450,2,0,0,198,50,67
103,1746255,0,0,1,198,50,68
104,1787625,2,0,0,200,50,68
105,1829560,0,0,1,200,50,69
106,1872064,2,0,0,202,50,69
107,1915138,0,0,1,202,50,70
108,1958785,2,0,0,204,50,70
109,2003007,0,0,1,204,50,71
110,2047806,2,0,0,206,50,71
111,2093183,0,0,1,206,50,72
112,2139142,2,0,0,208,50,72
113,2185685,0,0,1,208,50,73
114,2232812,2,0,0,210,50,73
115,2280528,0,0,1,210,50,74
116,2328833,2,0,0,212,50,74
117,2377729,0,0,1,212,50,75
118,2427219,2,0,0,214,50,75
119,2477305,0,0,1,214,50,76
120,2527989,2,0,0,216,50,76
121,2579272,0,0,1,216,50,77
122,2631158,2,0,0,218,50,77
123,2683647,0,0,1,218,50,78
124,2736742,2,0,0,220,50,78
125,2790444,0,0,1,220,50,79
126,2844757,2,0,0,222,50,79
127,2899681,0,0,1,222,50,80
128,2955218,2,0,0,224,50,80
129,3011372,0,0,1,224,50,81
130,3068143,2,0,0,226,50,81
131,3125533,0,0,1,226,50,82
132,3183545,2,0,0,228,50,82
133,3242180,0,0,1,228,50,83
134,3301440,2,0,0,230,50,83
135,3361327,0,0,1,230,50,84
136,3421844,2,0,0,232,50,84
137,3482991,0,0,1,232,50,85
138,3544771,2,0,0,234,50,85
139,3607185,0,0,1,234,50,86
140,3670236,2,0,0,236,50,86
141,3733925,0,0,1,236,50,87
142,3798254,2,0,0,238,50,87
143,3863225,0,0,1,238,50,88
144,3928840,2,0,0,240,50,88
145,3995100,0,0,1,240,50,89
146,4062007,2,0,0,242,50,89
147,4129564,0,0,1,242,50,90
148,4197772,2,0,0,244,50,90
149,4266632,0,0,1,244,50,91
150,4336147,2,0,0,246,50,91
151,4406318,0,0,1,246,50,92
152,4477147,2,0,0,248,50,92
153,4548635,0,0,1,248,50,93
154,4620785,2,0,0,250,50,93
155,4693599,0,0,1,250,50,94
156,4767077,2,0,0,252,50,94
157,4841222,0,0,1,252,50,95
158,4916036,2,0,0,254,50,95
159,4991519,0,0,1,254,50,96
160,5067675,2,0,0,256,50,96
161,5144503,0,0,1,256,50,97
162,5222007,2,0,0,258,50,97
163,5300218,0,0,1,258,50,98
164,5379048,2,0,0,260,50,98
165,5458588,0,0,1,260,50,99
166,5538809,2,0,0,262,50,99
167,5619714,0,0,1,262,50,100
168,5701305,2,0,0,264,50,100
169,5783582,0,0,1,264,50,101
170,5866548,2,0,0,266,50,101
171,5950203,0,0,1,266,50,102
172,6034551,2,0,0,268,50,102
173,6119592,0,0,1,268,50,103
174,6205328,2,0,0,270,50,103
175,6291761,0,0,1,270,50,104
176,6378892,2,0,0,272,50,104
177,6466722,0,0,1,272,50,105
178,6555255,2,0,0,274,50,105
179,6644490,0,0,1,274,50,106
180,6734430,2,0,0,276,50,106
181,6825075,0,0,1,276,50,107
182,6916429,2,0,0,278,50,107
183,7008492,0,0,1,278,50,108
184,7101266,2,0,0,280,50,108
185,7194953,0,0,1,280,50,109
186,7288953,2,0,0,282,50,109
187,7383869,0,0,1,282,50,110
188,7479502,2,0,0,284,50,110
189,7575854,0,0,1,284,50,111
190,7672926,2,0,0,286,50,111
191,7770720,0,0,1,286,50,112
192,7869237,2,0,0,288,50,112
193,7968479,0,0,1,288,50,113
194,8068447,2,0,0,290,50,113
195,8169142,0,0,1,290,50,114
196,8270567,2,0,0,292,50,114
197,8372723,0,0,1,292,50,115
198,8475611,2,0,0,294,50,115
199,8579233,0,0,1,294,50,116
200,8683590,2,0,0,296,50,116
201,8788684,0,0,1,296,50,117
202,8894517,2,0,0,298,50,117
203,9001088,0,0,1,298,50,118
204,9108401,2,0,0,300,50,118
205,9216457,0,0,1,300,50,119
206,9325257,2,0,0,302,50,119
207,9434802,0,0,1,302,50,120
208,9545095,2,0,0,304,50,120
209,9656136,0,0,1,304,50,121
210,9767926,2,0,0,306,50,121
211,9880468,0,0,1,306,50,122
212,9993763,2,0,0,308,50,122
213,10107812,0,0,1,308,50,123
214,10222617,2,0,0,310,50,123
215,10338179,0,0,1,310,50,124
216,10454499,2,0,0,312,50,124
217,10571579,0,0,1,312,50,125
218,10689421,2,0,0,314,50,125
219,10808025,0,0,1,314,50,126
220,10927393,2,0,0,316,50,126
221,11047527,0,0,1,316,50,127
222,11168428,2,0,0,318,50,127
223,11290097,0,0,1,318,50,128
224,11412536,2,0,0,320,50,128
225,11535746,0,0,1,320,50,129
226,11659728,2,0,0,322,50,129
227,11784484,0,0,1,322,50,130
228,11910016,2,0,0,324,50,130
229,12036324,0,0,1,324,50,131
230,12163409,2,0,0,326,50,131
231,12291275,0,0,1,326,50,132
232,12419921,2,0,0,328,50,132
233,12549349,0,0,1,328,50,133
234,12679560,2,0,0,330,50,133
235,12810556,0,0,1,330,50,134
236,12942338,2,0,0,332,50,134
237,13074908,0,0,1,332,50,135
238,13208266,2,0,0,334,50,135
239,13342415,0,0,1,334,50,136
240,13477355,2,0,0,336,50,136
241,13613087,0,0,1,336,50,137
242,13749614,2,0,0,338,50,137
243,13886936,0,0,1,338,50,138
244,14025055,2,0,0,340,50,138
245,14163972,0,0,1,340,50,139
246,14303688,2,0,0,342,50,139
247,14444205,0,0,1,342,50,140
248,14585524,2,0,0,344,50,140
249,14727646,0,0,1,344,50,141
250,14870573,2,0,0,346,50,141
251,15014305,0,0,1,346,50,142
252,15158845,2,0,0,348,50,142
253,15304193,0,0,1,348,50,143
254,15450351,2,0,0,350,50,143
255,15597320,0,0,1,350,50,144
256,15745105,2,0,0,352,50,144
257,15893696,0,0,1,352,50,145
258,16043106,2,0,0,354,50,145
259,16193332,0,0,1,354,50,146
260,16344375,2,0,0,356,50,146
261,16496236,0,0,1,356,50,147
262,16648918,2,0,0,358,50,147
263,16802421,0,0,1,358,50,148
264,16956746,2,0,0,360,50,148
265,17111895,0,0,1,360,50,149
266,17267869,2,0,0,362,50,149
267,17424670,0,0,1,362,50,150
268,17582297,2,0,0,364,50,150
269,17740753,0,0,1,364,50,151
270,17900040,2,0,0,366,50,151
271,18060157,0,0,1,366,50,152
272,18221107,2,0,0,368,50,152
273,18382890,0,0,1,368,50,153
274,18545508,2,0,0,370,50,153
275,18708963,0,0,1,370,50,154
276,18873254,2,0,0,372,50,154
277,19038384,0,0,1,372,50,155
278,19204354,2,0,0,374,50,155
279,19371165,0,0,1,374,50,156
280,19538818,2,0,0,376,50,156
281,19707314,0,0,1,376,50,157
282,19876655,2,0,0,378,50,157
283,20046842,0,0,1,378,50,158
284,20217876,2,0,0,380,50,158
285,20389757,0,0,1,380,50,159
286,20562489,2,0,0,382,50,159
287,20736071,0,0,1,382,50,160
288,20910504,2,0,0,384,50,160
289,21085791,0,0,1,384,50,161
290,21261932,2,0,0,386,50,161
291,21438928,0,0,1,386,50,162
292,21616781,2,0,0,388,50,162
293,21795491,0,0,1,388,50,163
294,21975060,2,0,0,390,50,163
295,22155490,0,0,1,390,50,164
296,22336780,2,0,0,392,50,164
297,22518933,0,0,1,392,50,165
298,22701950,2,0,0,394,50,165
299,22885831,0,0,1,394,50,166
300,23070578,2,0,0,396,50,166
301,23256192,0,0,1,396,50,167
302,23442675,2,0,0,398,50,167
303,23630026,0,0,1,398,50,168
304,23818249,2,0,0,400,50,168
305,24007343,0,0,1,400,50,169
306,24197310,2,0,0,402,50,169
307,24388150,0,0,1,402,50,170
308,24579866,2,0,0,404,50,170
309,24772459,0,0,1,404,50,171
310,24965928,2,0,0,406,50,171
311,25160277,0,0,1,406,50,172
312,25355504,2,0,0,408,50,172
313,25551613,0,0,1,408,50,173
314,25748604,2,0,0,410,50,173
315,25946477,0,0,1,410,50,174
316,26145235,2,0,0,412,50,174
317,26344879,0,0,1,412,50,175
318,26545408,2,0,0,414,50,175
319,26746826,0,0,1,414,50,176
320,26949132,2,0,0,416,50,176
321,27152327,0,0,1,416,50,177
322,27356414,2,0,0,418,50,177
323,27561393,0,0,1,418,50,178
324,27767265,2,0,0,420,50,178
325,27974031,0,0,1,420,50,179
326,28181692,2,0,0,422,50,179
327,28390250,0,0,1,422,50,180
328,28599706,2,0,0,424,50,180
329,28810060,0,0,1,424,50,181
330,29021314,2,0,0,426,50,181
331,29233469,0,0,1,426,50,182
332,29446526,2,0,0,428,50,182
333,29660486,0,0,1,428,50,183
334,29875350,2,0,0,430,50,183
335,30091119,0,0,1,430,50,184
336,30307794,2,0,0,432,50,184
337,30525377,0,0,1,432,50,185
338,30743869,2,0,0,434,50,185
339,30963270,0,0,1,434,50,186
340,31183581,2,0,0,436,50,186
341,31404805,0,0,1,436,50,187
342,31626941,2,0,0,438,50,187
343,31849991,0,0,1,438,50,188
344,32073956,2,0,0,440,50,188
345,32298837,0,0,1,440,50,189
346,32524635,2,0,0,442,50,189
347,32751351,0,0,1,442,50,190
348,32978986,2,0,0,444,50,190
349,33207542,0,0,1,444,50,191
350,33437019,2,0,0,446,50,191
351,33667418,0,0,1,446,50,192
352,33898741,2,0,0,448,50,192
353,34130988,0,0,1,448,50,193
354,34364161,2,0,0,450,50,193
355,34598261,0,0,1,450,50,194
356,34833288,2,0,0,452,50,194
357,35069243,0,0,1,452,50,195
358,35306129,2,0,0,454,50,195
359,35543945,0,0,1,454,50,196
360,35782693,2,0,0,456,50,196
361,36022374,0,0,1,456,50,197
362,36262989,2,0,0,458,50,197
363,36504539,0,0,1,458,50,198
364,36747025,2,0,0,460,50,198
365,36990448,0,0,1,460,50,199
366,37234809,2,0,0,462,50,199
367,37480109,0,0,1,462,50,200
368,37726349,2,0,0,464,50,200
369,37973530,0,0,1,464,50,201
370,38221653,2,0,0,466,50,201
371,38470719,0,0,1,466,50,202
372,38720730,2,0,0,468,50,202
373,38971686,0,0,1,468,50,203
374,39223588,2,0,0,470,50,203
375,39476438,0,0,1,470,50,204
376,39730235,2,0,0,472,50,204
377,39984982,0,0,1,472,50,205
378,40240679,2,0,0,474,50,205
379,40497328,0,0,1,474,50,206
380,40754929,2,0,0,476,50,206
381,41013483,0,0,1,476,50,207
382,41272991,2,0,0,478,50,207
383,41533455,0,0,1,478,50,208
384,41794875,2,0,0,480,50,208
385,42057252,0,0,1,480,50,209
386,42320588,2,0,0,482,50,209
387,42584883,0,0,1,482,50,210
388,42850139,2,0,0,484,50,210
389,43116355,0,0,1,484,50,211
390,43383534,2,0,0,486,50,211
391,43651677,0,0,1,486,50,212
392,43920783,2,0,0,488,50,212
393,44190855,0,0,1,488,50,213
394,44461893,2,0,0,490,50,213
395,44733899,0,0,1,490,50,214
396,45006872,2,0,0,492,50,214
397,45280815,0,0,1,492,50,215
398,45555728,2,0,0,494,50,215
399,45831613,0,0,1,494,50,216
400,46204265,2,0,0,496,50,216
401,46495039,0,0,1,496,50,217
402,46787574,2,0,0,498,50,217
403,47081907,0,0,1,498,50,218
404,47378070,2,0,0,500,50,218
405,47676099,0,0,1,500,50,219
406,47976024,2,0,0,502,50,219
407,48277878,0,0,1,502,50,220
408,48581689,2,0,0,504,50,220
409,48887489,0,0,1,504,50,221
410,49195304,2,0,0,506,50,221
411,49505163,0,0,1,506,50,222
412,49817093,2,0,0,508,50,222
413,50131121,0,0,1,508,50,223
414,50447273,2,0,0,510,50,223
415,50765573,0,0,1,510,50,224
416,51086048,2,0,0,512,50,224
417,51408721,0,0,1,512,50,225
418,51733617,2,0,0,514,50,225
419,52060759,0,0,1,514,50,226
420,52390169,2,0,0,516,50,226
421,52721872,0,0,1,516,50,227
422,53055889,2,0,0,518,50,227
423,53392243,0,0,1,518,50,228
424,53730956,2,0,0,520,50,228
425,54072047,0,0,1,520,50,229
426,54415539,2,0,0,522,50,229
427,54761454,0,0,1,522,50,230
428,55109811,2,0,0,524,50,230
429,55460629,0,0,1,524,50,231
430,55813932,2,0,0,526,50,231
431,56169736,0,0,1,526,50,232
432,56528062,2,0,0,528,50,232
433,56888930,0,0,1,528,50,233
434,57252358,2,0,0,530,50,233
435,57619665,0,0,1,530,50,234
436,57986973,2,0,0,532,50,234
437,58358195,0,0,1,532,50,235
438,58732053,2,0,0,534,50,235
439,59108564,0,0,1,534,50,236
440,59487746,2,0,0,536,50,236
441,59869617,0,0,1,536,50,237
442,60254194,2,0,0,538,50,237
443,60641494,0,0,1,538,50,238
444,61031537,2,0,0,540,50,238
445,61424338,0,0,1,540,50,239
446,61819914,2,0,0,542,50,239
447,62218283,0,0,1,542,50,240
448,62627787,2,0,0,544,50,240
449,63023463,0,0,1,544,50,241
450,63430309,2,0,0,546,50,241
451,63840012,0,0,1,546,50,242
452,64252589,2,0,0,548,50,242
453,64668056,0,0,1,548,50,243
454,65086431,2,0,0,550,50,243
455,65507727,0,0,1,550,50,244
456,65931961,2,0,0,552,50,244
457,66359148,0,0,1,552,50,245
458,66789305,2,0,0,554,50,245
459,67222445,0,0,1,554,50,246
460,67658585,2,0,0,556,50,246
461,68097738,0,0,1,556,50,247
462,68539922,2,0,0,558,50,247
463,68985150,0,0,1,558,50,248
464,69433438,2,0,0,560,50,248
465,69884799,0,0,1,560,50,249
466,70339249,2,0,0,562,50,249
467,70796801,0,0,1,562,50,250
468,71257472,2,0,0,564,50,250
469,71721276,0,0,1,564,50,251
470,72188224,2,0,0,566,50,251
471,72658334,0,0,1,566,50,252
472,73131619,2,0,0,568,50,252
473,73608091,0,0,1,568,50,253
474,74087767,2,0,0,570,50,253
475,74570659,0,0,1,570,50,254
476,75056780,2,0,0,572,50,254
477,75546146,0,0,1,572,50,255
478,76038770,2,0,0,574,50,255
479,76534664,0,0,1,574,50,256
480,77033844,2,0,0,576,50,256
481,77536321,0,0,1,576,50,257
482,78042109,2,0,0,578,50,257
483,78551222,0,0,1,578,50,258
484,79063674,2,0,0,580,50,258
485,79579475,0,0,1,580,50,259
486,80098642,2,0,0,582,50,259
487,80621185,0,0,1,582,50,260
488,81147118,2,0,0,584,50,260
489,81676454,0,0,1,584,50,261
490,82209206,2,0,0,586,50,261
491,82745387,0,0,1,586,50,262
492,83285008,2,0,0,588,50,262
493,83828083,0,0,1,588,50,263
494,84374625,2,0,0,590,50,263
495,84924646,0,0,1,590,50,264
496,85478157,2,0,0,592,50,264
497,86035173,0,0,1,592,50,265
498,86595705,2,0,0,594,50,265
499,87159766,0,0,1,594,50,266
500,87727367,2,0,0,596,50,266
501,88298521,0,0,1,596,50,267
502,88873240,2,0,0,598,50,267
503,89451536,0,0,1,598,50,268
504,90033421,2,0,0,600,50,268
505,90618908,0,0,1,600,50,269
506,91208006,2,0,0,602,50,269
507,91800731,0,0,1,602,50,270
508,92397092,2,0,0,604,50,270
509,92997102,0,0,1,604,50,271
510,93600772,2,0,0,606,50,271
511,94208114,0,0,1,606,50,272
512,94819139,2,0,0,608,50,272
513,95433861,0,0,1,608,50,273
514,96052289,2,0,0,610,50,273
515,96674435,0,0,1,610,50,274
516,97300311,2,0,0,612,50,274
517,97929929,0,0,1,612,50,275
518,98563298,2,0,0,614,50,275
519,99200432,0,0,1,614,50,276
520,99841341,2,0,0,616,50,276
521,100486037,0,0,1,616,50,277
522,101134530,2,0,0,618,50,277
523,101786833,0,0,1,618,50,278
524,102442955,2,0,0,620,50,278
525,103102908,0,0,1,620,50,279
526,103766705,2,0,0,622,50,279
527,104434354,0,0,1,622,50,280
528,105105867,2,0,0,624,50,280
529,105781255,0,0,1,624,50,281
530,106460531,2,0,0,626,50,281
531,107143702,0,0,1,626,50,282
532,107830782,2,0,0,628,50,282
533,108521780,0,0,1,628,50,283
534,109216706,2,0,0,630,50,283
535,109915575,0,0,1,630,50,284
536,110618392,2,0,0,632,50,284
537,111325172,0,0,1,632,50,285
538,112035924,2,0,0,634,50,285
539,112750658,0,0,1,634,50,286
540,113469385,2,0,0,636,50,286
541,114192116,0,0,1,636,50,287
542,114918862,2,0,0,638,50,287
543,115649631,0,0,1,638,50,288
544,116384436,2,0,0,640,50,288
545,117123287,0,0,1,640,50,289
546,117866193,2,0,0,642,50,289
547,118613164,0,0,1,642,50,290
548,119364213,2,0,0,644,50,290
549,120119349,0,0,1,644,50,291
550,120878581,2,0,0,646,50,291
551,121641920,0,0,1,646,50,292
552,122409377,2,0,0,648,50,292
553,123180961,0,0,1,648,50,293
554,123956683,2,0,0,650,50,293
555,124736551,0,0,1,650,50,294
556,125520579,2,0,0,652,50,294
557,126308773,0,0,1,652,50,295
558,127101145,2,0,0,654,50,295
559,127897705,0,0,1,654,50,296
560,128698462,2,0,0,656,50,296
561,129503427,0,0,1,656,50,297
562,130312609,2,0,0,658,50,297
563,131126018,0,0,1,658,50,298
564,131943665,2,0,0,660,50,298
565,132765558,0,0,1,660,50,299
566,133591708,2,0,0,662,50,299
567,134422124,0,0,1,662,50,300
568,135256817,2,0,0,664,50,300
569,136095795,0,0,1,664,50,301
570,136939068,2,0,0,666,50,301
571,137786647,0,0,1,666,50,302
572,138638541,2,0,0,668,50,302
573,139494758,0,0,1,668,50,303
574,140355311,2,0,0,670,50,303
575,141220206,0,0,1,670,50,304
576,142089454,2,0,0,672,50,304
577,142963064,0,0,1,672,50,305
578,143841047,2,0,0,674,50,305
579,144723410,0,0,1,674,50,306
580,145610165,2,0,0,676,50,306
581,146501320,0,0,1,676,50,307
582,147396884,2,0,0,678,50,307
583,148296867,0,0,1,678,50,308
584,149201279,2,0,0,680,50,308
585,150110128,0,0,1,680,50,309
586,151023424,2,0,0,682,50,309
587,151941176,0,0,1,682,50,310
588,152863393,2,0,0,684,50,310
589,153790085,0,0,1,684,50,311
590,154721260,2,0,0,686,50,311
591,155656929,0,0,1,686,50,312
592,156597099,2,0,0,688,50,312
593,157541782,0,0,1,688,50,313
594,158490983,2,0,0,690,50,313
595,159444715,0,0,1,690,50,314
596,160402985,2,0,0,692,50,314
597,161365802,0,0,1,692,50,315
598,162333177,2,0,0,694,50,315
599,163305116,0,0,1,694,50,316
600,164281630,2,0,0,696,50,316
601,165262728,0,0,1,696,50,317
602,166248418,2,0,0,698,50,317
603,167238709,0,0,1,698,50,318
604,168233611,2,0,0,700,50,318
605,169231100,0,0,1,700,50,319
606,170237280,2,0,0,702,50,319
607,171246065,0,0,1,702,50,320
608,172259497,2,0,0,704,50,320
609,173277582,0,0,1,704,50,321
610,174300330,2,0,0,706,50,321
611,175327751,0,0,1,706,50,322
612,176359853,2,0,0,708,50,322
613,177396643,0,0,1,708,50,323
614,178438133,2,0,0,710,50,323
615,179484329,0,0,1,710,50,324
616,180535241,2,0,0,712,50,324
617,181590876,0,0,1,712,50,325
618,182651245,2,0,0,714,50,325
619,183716355,0,0,1,714,50,326
620,184786215,2,0,0,716,50,326
621,185860834,0,0,1,716,50,327
622,186940220,2,0,0,718,50,327
623,188024381,0,0,1,718,50,328
624,189113327,2,0,0,720,50,328
625,190207066,0,0,1,720,50,329
626,191305606,2,0,0,722,50,329
627,192408955,0,0,1,722,50,330
628,193517123,2,0,0,724,50,330
629,194630119,0,0,1,724,50,331
630,195747948,2,0,0,726,50,331
631,196870621,0,0,1,726,50,332
632,197998146,2,0,0,728,50,332
633,199130532,0,0,1,728,50,333
634,200267785,2,0,0,730,50,333
635,201409917,0,0,1,730,50,334
636,202556933,2,0,0,732,50,334
637,203708842,0,0,1,732,50,335
638,204865655,2,0,0,734,50,335
639,206027376,0,0,1,734,50,336
640,207194016,2,0,0,736,50,336
641,208365584,0,0,1,736,50,337
642,209542086,2,0,0,738,50,337
643,210723531,0,0,1,738,50,338
644,211909927,2,0,0,740,50,338
645,213101283,0,0,1,740,50,339
646,214297606,2,0,0,742,50,339
647,215498906,0,0,1,742,50,340
648,216705190,2,0,0,744,50,340
649,217916465,0,0,1,744,50,341
650,219132741,2,0,0,746,50,341
651,220354024,0,0,1,746,50,342
652,221580325,2,0,0,748,50,342
653,222811650,0,0,1,748,50,343
654,224048007,2,0,0,750,50,343
655,225289405,0,0,1,750,50,344
656,226535852,2,0,0,752,50,344
657,227787354,0,0,1,752,50,345
658,229043922,2,0,0,754,50,345
659,230305562,0,0,1,754,50,346
660,231572283,2,0,0,756,50,346
661,232844092,0,0,1,756,50,347
662,234120997,2,0,0,758,50,347
663,235403007,0,0,1,758,50,348
664,236690129,2,0,0,760,50,348
665,237982371,0,0,1,760,50,349
666,239279741,2,0,0,762,50,349
667,240582247,0,0,1,762,50,350
668,241889897,2,0,0,764,50,350
669,243202697,0,0,1,764,50,351
670,244520657,2,0,0,766,50,351
671,245843785,0,0,1,766,50,352
672,247172088,2,0,0,768,50,352
673,248505574,0,0,1,768,50,353
674,249844250,2,0,0,770,50,353
675,251188123,0,0,1,770,50,354
676,252537204,2,0,0,772,50,354
677,253891498,0,0,1,772,50,355
678,255251013,2,0,0,774,50,355
679,256615758,0,0,1,774,50,356
680,257985740,2,0,0,776,50,356
681,259360966,0,0,1,776,50,357
682,260741444,2,0,0,778,50,357
683,262127183,0,0,1,778,50,358
684,263518188,2,0,0,780,50,358
685,264914469,0,0,1,780,50,359
686,266316034,2,0,0,782,50,359
687,267722888,0,0,1,782,50,360
688,269135040,2,0,0,784,50,360
689,270552498,0,0,1,784,50,361
690,271975269,2,0,0,786,50,361
691,273403361,0,0,1,786,50,362
692,274836781,2,0,0,788,50,362
693,276275537,0,0,1,788,50,363
694,277719637,2,0,0,790,50,363
695,279169086,0,0,1,790,50,364
696,280623895,2,0,0,792,50,364
697,282084069,0,0,1,792,50,365
698,283549616,2,0,0,794,50,365
699,285020544,0,0,1,794,50,366
700,286496861,2,0,0,796,50,366
701,287978573,0,0,1,796,50,367
702,289465688,2,0,0,798,50,367
703,290958214,0,0,1,798,50,368
704,292456157,2,0,0,800,50,368
705,293959527,0,0,1,800,50,369
706,295468328,2,0,0,802,50,369
707,296982570,0,0,1,802,50,370
708,298502259,2,0,0,804,50,370
709,300027403,0,0,1,804,50,371
710,301558008,2,0,0,806,50,371
711,303094084,0,0,1,806,50,372
712,304635637,2,0,0,808,50,372
713,306182673,0,0,1,808,50,373
714,307735200,2,0,0,810,50,373
715,309293227,0,0,1,810,50,374
716,310856759,2,0,0,812,50,374
717,312425805,0,0,1,812,50,375
718,314000370,2,0,0,814,50,375
719,315580463,0,0,1,814,50,376
720,317166093,2,0,0,816,50,376
721,318757263,0,0,1,816,50,377
722,320353983,2,0,0,818,50,377
723,321956260,0,0,1,818,50,378
724,323564100,2,0,0,820,50,378
725,325177511,0,0,1,820,50,379
726,326796500,2,0,0,822,50,379
727,328421075,0,0,1,822,50,380
728,330051242,2,0,0,824,50,380
729,331687009,0,0,1,824,50,381
730,333328382,2,0,0,826,50,381
731,334975369,0,0,1,826,50,382
732,336627976,2,0,0,828,50,382
733,338286212,0,0,1,828,50,383
734,339950083,2,0,0,830,50,383
735,341619596,0,0,1,830,50,384
736,343294759,2,0,0,832,50,384
737,344975577,0,0,1,832,50,385
738,346662059,2,0,0,834,50,385
739,348354211,0,0,1,834,50,386
740,350052041,2,0,0,836,50,386
741,351755555,0,0,1,836,50,387
742,353464761,2,0,0,838,50,387
743,355179665,0,0,1,838,50,388
744,356900275,2,0,0,840,50,388
745,358626597,0,0,1,840,50,389
746,360358637,2,0,0,842,50,389
747,362096406,0,0,1,842,50,390
748,363839906,2,0,0,844,50,390
749,365589147,0,0,1,844,50,391
750,367344136,2,0,0,846,50,391
751,369104878,0,0,1,846,50,392
752,370871382,2,0,0,848,50,392
753,372643653,0,0,1,848,50,393
754,374421700,2,0,0,850,50,393
755,376205528,0,0,1,850,50,394
756,377995145,2,0,0,852,50,394
757,379790556,0,0,1,852,50,395
758,381591772,2,0,0,854,50,395
759,383398795,0,0,1,854,50,396
760,385211635,2,0,0,856,50,396
761,387030297,0,0,1,856,50,397
762,388854790,2,0,0,858,50,397
763,390685119,0,0,1,858,50,398
764,392521291,2,0,0,860,50,398
765,394363313,0,0,1,860,50,399
766,396211192,2,0,0,862,50,399
767,398064936,0,0,1,862,50,400
768,399924549,2,0,0,864,50,400
769,401790040,0,0,1,864,50,401
770,403661415,2,0,0,866,50,401
771,405538680,0,0,1,866,50,402
772,407421843,2,0,0,868,50,402
773,409310909,0,0,1,868,50,403
774,411205888,2,0,0,870,50,403
775,413106784,0,0,1,870,50,404
776,415013603,2,0,0,872,50,404
777,416926356,0,0,1,872,50,405
778,418845044,2,0,0,874,50,405
779,420769678,0,0,1,874,50,406
780,422700262,2,0,0,876,50,406
781,424636804,0,0,1,876,50,407
782,426579311,2,0,0,878,50,407
783,428527789,0,0,1,878,50,408
784,430482244,2,0,0,880,50,408
785,432442685,0,0,1,880,50,409
786,434409115,2,0,0,882,50,409
787,436381543,0,0,1,882,50,410
788,438359976,2,0,0,884,50,410
789,440344420,0,0,1,884,50,411
790,442334880,2,0,0,886,50,411
791,444331365,0,0,1,886,50,412
792,446333880,2,0,0,888,50,412
793,448342433,0,0,1,888,50,413
794,450357030,2,0,0,890,50,413
795,452377676,0,0,1,890,50,414
796,454404379,2,0,0,892,50,414
797,456437146,0,0,1,892,50,415
798,458475982,2,0,0,894,50,415
799,460520894,0,0,1,894,50,416
800,462571891,2,0,0,896,50,416
801,464628976,0,0,1,896,50,417
802,466692156,2,0,0,898,50,417
803,468761440,0,0,1,898,50,418
804,470836832,2,0,0,900,50,418
805,472918339,0,0,1,900,50,419
806,475005969,2,0,0,902,50,419
807,477099726,0,0,1,902,50,420
808,479199618,2,0,0,904,50,420
809,481305652,0,0,1,904,50,421
810,483417833,2,0,0,906,50,421
811,485536168,0,0,1,906,50,422
812,487660664,2,0,0,908,50,422
813,489791327,0,0,1,908,50,423
814,491928162,2,0,0,910,50,423
815,494071177,0,0,1,910,50,424
816,496220379,2,0,0,912,50,424
817,498375773,0,0,1,912,50,425
818,500537366,2,0,0,914,50,425
819,502705164,0,0,1,914,50,426
820,504879173,2,0,0,916,50,426
821,507059401,0,0,1,916,50,427
822,509245853,2,0,0,918,50,427
823,511438535,0,0,1,918,50,428
824,513637455,2,0,0,920,50,428
825,515842618,0,0,1,920,50,429
826,518054031,2,0,0,922,50,429
827,520271699,0,0,1,922,50,430
828,522495630,2,0,0,924,50,430
829,524725829,0,0,1,924,50,431
830,526962303,2,0,0,926,50,431
831,529205058,0,0,1,926,50,432
832,531454101,2,0,0,928,50,432
833,533709438,0,0,1,928,50,433
834,535971074,2,0,0,930,50,433
835,538239016,0,0,1,930,50,434
836,540513271,2,0,0,932,50,434
837,542793846,0,0,1,932,50,435
838,545080745,2,0,0,934,50,435
839,547373974,0,0,1,934,50,436
840,549673542,2,0,0,936,50,436
841,551979453,0,0,1,936,50,437
842,554291714,2,0,0,938,50,437
843,556610331,0,0,1,938,50,438
844,558935310,2,0,0,940,50,438
845,561266659,0,0,1,940,50,439
846,563604381,2,0,0,942,50,439
847,565948485,0,0,1,942,50,440
848,568298975,2,0,0,944,50,440
849,570655859,0,0,1,944,50,441
850,573019141,2,0,0,946,50,441
851,575388830,0,0,1,946,50,442
852,577764930,2,0,0,948,50,442
853,580147448,0,0,1,948,50,443
854,582536390,2,0,0,950,50,443
855,584931762,0,0,1,950,50,444
856,587333570,2,0,0,952,50,444
857,589741820,0,0,1,952,50,445
858,592156519,2,0,0,954,50,445
859,594577672,0,0,1,954,50,446
860,596987286,2,0,0,956,50,446
861,599439367,0,0,1,956,50,447
862,601879921,2,0,0,958,50,447
863,604326953,0,0,1,958,50,448
864,606780470,2,0,0,960,50,448
865,609240479,0,0,1,960,50,449
866,611706984,2,0,0,962,50,449
867,614179993,0,0,1,962,50,450
868,616659510,2,0,0,964,50,450
869,619145543,0,0,1,964,50,451
870,621638097,2,0,0,966,50,451
871,624137179,0,0,1,966,50,452
872,626642793,2,0,0,968,50,452
873,629154948,0,0,1,968,50,453
874,631673647,2,0,0,970,50,453
875,634198897,0,0,1,970,50,454
876,636730705,2,0,0,972,50,454
877,639269077,0,0,1,972,50,455
878,641814018,2,0,0,974,50,455
879,644365533,0,0,1,974,50,456
880,646923631,2,0,0,976,50,456
881,649488315,0,0,1,976,50,457
882,652059594,2,0,0,978,50,457
883,654637470,0,0,1,978,50,458
884,657221952,2,0,0,980,50,458
885,659813046,0,0,1,980,50,459
886,662410755,2,0,0,982,50,459
887,665015088,0,0,1,982,50,460
888,667626050,2,0,0,984,50,460
889,670243648,0,0,1,984,50,461
890,672867885,2,0,0,986,50,461
891,675498769,0,0,1,986,50,462
892,678136305,2,0,0,988,50,462
893,680780501,0,0,1,988,50,463
894,683431360,2,0,0,990,50,463
895,686088890,0,0,1,990,50,464
896,688753095,2,0,0,992,50,464
897,691423983,0,0,1,992,50,465
898,694101559,2,0,0,994,50,465
899,696785828,0,0,1,994,50,466
900,699476807,2,0,0,996,50,466
901,702351108,0,0,1,996,50,467
902,705236823,2,0,0,998,50,467
903,708141191,0,0,1,998,50,468
904,711073151,2,0,0,1000,50,468
905,714042936,0,0,1,1000,50,469
906,717061856,2,0,0,1002,50,469
907,720142153,0,0,1,1002,50,470
908,723296910,2,0,0,1004,50,470
909,726539966,0,0,1,1004,50,471
910,729885867,2,0,0,1006,50,471
911,733349806,0,0,1,1006,50,472
912,736947589,2,0,0,1008,50,472
913,740695602,0,0,1,1008,50,473
914,744610779,2,0,0,1010,50,473
915,748710569,0,0,1,1010,50,474
916,753012928,2,0,0,1012,50,474
917,757536284,0,0,1,1012,50,475
918,762299530,2,0,0,1014,50,475
919,767321995,0,0,1,1014,50,476
920,772623443,2,0,0,1016,50,476
921,778224049,0,0,1,1016,50,477
922,784144391,2,0,0,1018,50,477
923,790405433,0,0,1,1018,50,478
924,797028524,2,0,0,1020,50,478
925,804035376,0,0,1,1020,50,479
926,811448064,2,0,0,1022,50,479
927,819289014,0,0,1,1022,50,480
928,827580992,2,0,0,1024,50,480
929,836347099,0,0,1,1024,50,481
930,845610767,2,0,0,1026,50,481
931,855395742,0,0,1,1026,50,482
932,865726092,2,0,0,1028,50,482
933,876626185,0,0,1,1028,50,483
934,888120696,2,0,0,1030,50,483
935,900234595,0,0,1,1030,50,484
936,912993142,2,0,0,1032,50,484
937,926421885,0,0,1,1032,50,485
938,940546652,2,0,0,1034,50,485
939,955393545,0,0,1,1034,50,486
940,970988942,2,0,0,1036,50,486
941,987359487,0,0,1,1036,50,487
942,1004532090,2,0,0,1038,50,487
943,1022533916,0,0,1,1038,50,488
944,1041392389,2,0,0,1040,50,488
945,1061135187,0,0,1,1040,50,489
946,1081790234,2,0,0,1042,50,489
947,1103385700,0,0,1,1042,50,490
948,1125950000,2,0,0,1044,50,490
949,1149511784,0,0,1,1044,50,491
950,1174099942,2,0,0,1046,50,491
951,1199743594,0,0,1,1046,50,492
952,1226472093,2,0,0,1048,50,492
953,1254315017,0,0,1,1048,50,493
954,1283302171,2,0,0,1050,50,493
955,1313463582,0,0,1,1050,50,494
956,1344829498,2,0,0,1052,50,494
957,1377430380,0,0,1,1052,50,495
958,1411296908,2,0,0,1054,50,495
959,1446459975,0,0,1,1054,50,496
960,1482950685,2,0,0,1056,50,496
961,1520800343,0,0,1,1056,50,497
962,1560040471,2,0,0,1058,50,497
963,1600702789,0,0,1,1058,50,498
964,1642819221,2,0,0,1060,50,498
965,1686421887,0,0,1,1060,50,499
966,1731543114,2,0,0,1062,50,499
967,1778215417,0,0,1,1062,50,500
968,1826471511,2,0,0,1064,50,500
969,1876344301,0,0,1,1064,50,501
970,1927866884,2,0,0,1066,50,501
971,1981072549,0,0,1,1066,50,502
972,2035994768,2,0,0,1068,50,502
973,2092667204,0,0,1,1068,50,503
974,2151123699,2,0,0,1070,50,503
975,2211398286,0,0,1,1070,50,504
976,2273525174,2,0,0,1072,50,504
977,2337538752,0,0,1,1072,50,505
978,2403473589,2,0,0,1074,50,505
979,2471364435,0,0,1,1074,50,506
980,2541246210,2,0,0,1076,50,506
981,2613154010,0,0,1,1076,50,507
982,2687123106,2,0,0,1078,50,507
983,2763188942,0,0,1,1078,50,508
984,2841387129,2,0,0,1080,50,508
985,2921753449,0,0,1,1080,50,509
986,3004323854,2,0,0,1082,50,509
987,3089134463,0,0,1,1082,50,510
988,3176221556,2,0,0,1084,50,510
989,3265621583,0,0,1,1084,50,511
990,3357371154,2,0,0,1086,50,511
991,3451507046,0,0,1,1086,50,512
992,3548066192,2,0,0,1088,50,512
993,3647085688,0,0,1,1088,50,513
994,3748602789,2,0,0,1090,50,513
995,3852654907,0,0,1,1090,50,514
996,3959279250,2,0,0,1092,50,514
997,4068514634,0,0,1,1092,50,515
998,4180397850,2,0,0,1094,50,515
999,4294967295,0,0,1,1094,50,516
1000,4412261176,2,0,0,1096,50,516
1001,4532317801,0,0,1,1096,50,517
1002,4655175678,2,0,0,1098,50,517
1003,4780873450,0,0,1,1098,50,518
1004,4909449910,2,0,0,1100,50,518
1005,5040943997,0,0,1,1100,50,519
1006,5175394801,2,0,0,1102,50,519
1007,5312841558,0,0,1,1102,50,520
1008,5453323648,2,0,0,1104,50,520
1009,5596880599,0,0,1,1104,50,521
1010,5743552081,2,0,0,1106,50,521
1011,5893377911,0,0,1,1106,50,522
1012,6046398047,2,0,0,1108,50,522
1013,6202652586,0,0,1,1108,50,523
1014,6362181771,2,0,0,1110,50,523
1015,6525025985,0,0,1,1110,50,524
1016,6691225748,2,0,0,1112,50,524
1017,6860821720,0,0,1,1112,50,525
1018,7033854701,2,0,0,1114,50,525
1019,7210365627,0,0,1,1114,50,526
1020,7390395572,2,0,0,1116,50,526
1021,7573985745,0,0,1,1116,50,527
1022,7761177490,2,0,0,1118,50,527
1023,7952012289,0,0,1,1118,50,528
1024,8146531755,2,0,0,1120,50,528
1025,8344777636,0,0,1,1120,50,529
1026,8546791811,2,0,0,1122,50,529
1027,8752616294,0,0,1,1122,50,530
1028,8962293230,2,0,0,1124,50,530
1029,9175864892,0,0,1,1124,50,531
1030,9393373688,2,0,0,1126,50,531
1031,9614862134,0,0,1,1126,50,532
1032,9840372927,2,0,0,1128,50,532
1033,10069948845,0,0,1,1128,50,533
1034,10303632809,2,0,0,1130,50,533
1035,10541467864,0,0,1,1130,50,534
1036,10783497187,2,0,0,1132,50,534
1037,11029764078,0,0,1,1132,50,535
1038,11280311964,2,0,0,1134,50,535
1039,11535184397,0,0,1,1134,50,536
1040,11794425051,2,0,0,1136,50,536
1041,12058077727,0,0,1,1136,50,537
1042,12326186350,2,0,0,1138,50,537
1043,12598794963,0,0,1,1138,50,538
1044,12875947738,2,0,0,1140,50,538
1045,13157688962,0,0,1,1140,50,539
1046,13444063050,2,0,0,1142,50,539
1047,13735114532,0,0,1,1142,50,540
1048,14030888063,2,0,0,1144,50,540
1049,14331428416,0,0,1,1144,50,541
1050,14636780480,2,0,0,1146,50,541
1051,14946989270,0,0,1,1146,50,542
1052,15262099912,2,0,0,1148,50,542
1053,15582157655,0,0,1,1148,50,543
1054,15907207863,2,0,0,1150,50,543
1055,16237296019,0,0,1,1150,50,544
1056,16572467719,2,0,0,1152,50,544
1057,16912768677,0,0,1,1152,50,545
1058,17258244725,2,0,0,1154,50,545
1059,17608941806,0,0,1,1154,50,546
1060,17964905982,2,0,0,1156,50,546
1061,18326183424,0,0,1,1156,50,547
1062,18692820420,2,0,0,1158,50,547
1063,19064863372,0,0,1,1158,50,548
1064,19442358794,2,0,0,1160,50,548
1065,19825353312,0,0,1,1160,50,549
1066,20213893666,2,0,0,1162,50,549
1067,20608026705,0,0,1,1162,50,550
1068,21007799390,2,0,0,1164,50,550
1069,21413258806,0,0,1,1164,50,551
1070,21824452105,2,0,0,1166,50,551
1071,22241426610,0,0,1,1166,50,552
1072,22664229714,2,0,0,1168,50,552
1073,23092908931,0,0,1,1168,50,553
1074,23527511880,2,0,0,1170,50,553
1075,23968086293,0,0,1,1170,50,554
1076,24414680005,2,0,0,1172,50,554
1077,24867340965,0,0,1,1172,50,555
1078,25326117225,2,0,0,1174,50,555
1079,25791056945,0,0,1,1174,50,556
1080,26262208393,2,0,0,1176,50,556
1081,26739619943,0,0,1,1176,50,557
1082,27223340072,2,0,0,1178,50,557
1083,27713417365,0,0,1,1178,50,558
1084,28209900515,2,0,0,1180,50,558
1085,28712838316,0,0,1,1180,50,559
1086,29222279667,2,0,0,1182,50,559
1087,29738273574,0,0,1,1182,50,560
1088,30260869143,2,0,0,1184,50,560
1089,30790115587,0,0,1,1184,50,561
1090,31326062220,2,0,0,1186,50,561
1091,31868758459,0,0,1,1186,50,562
1092,32418253825,2,0,0,1188,50,562
1093,32974597941,0,0,1,1188,50,563
1094,33537840531,2,0,0,1190,50,563
1095,34108031419,0,0,1,1190,50,564
1096,34685220536,2,0,0,1192,50,564
1097,35269457907,0,0,1,1192,50,565
1098,35860793662,2,0,0,1194,50,565
1099,36459287031,0,0,1,1194,50,566
1100,37064961343,2,0,0,1196,50,566
1101,37677894027,0,0,1,1196,50,567
1102,38298126612,2,0,0,1198,50,567
1103,38925709723,0,0,1,1198,50,568
1104,39560694089,2,0,0,1200,50,568
1105,40203130533,0,0,1,1200,50,569
1106,40853069981,2,0,0,1202,50,569
1107,41510563451,0,0,1,1202,50,570
1108,42175662064,2,0,0,1204,50,570
1109,42848417036,0,0,1,1204,50,571
1110,43528879679,2,0,0,1206,50,571
1111,44217101404,0,0,1,1206,50,572
1112,44913133716,2,0,0,1208,50,572
1113,45617028222,0,0,1,1208,50,573
1114,46328836618,2,0,0,1210,50,573
1115,47048610697,0,0,1,1210,50,574
1116,47776402351,2,0,0,1212,50,574
1117,48512263566,0,0,1,1212,50,575
1118,49256246422,2,0,0,1214,50,575
1119,50008403090,0,0,1,1214,50,576
1120,50768785844,2,0,0,1216,50,576
1121,51537447044,0,0,1,1216,50,577
1122,52314439148,2,0,0,1218,50,577
1123,53099814707,0,0,1,1218,50,578
1124,53893626364,2,0,0,1220,50,578
1125,54695926858,0,0,1,1220,50,579
1126,55506769017,2,0,0,1222,50,579
1127,56326205765,0,0,1,1222,50,580
1128,57154290115,2,0,0,1224,50,580
1129,57991075174,0,0,1,1224,50,581
1130,58836614142,2,0,0,1226,50,581
1131,59690960309,0,0,1,1226,50,582
1132,60554167057,2,0,0,1228,50,582
1133,61426287858,0,0,1,1228,50,583
1134,62307376276,2,0,0,1230,50,583
1135,63197485966,0,0,1,1230,50,584
1136,64096670669,2,0,0,1232,50,584
1137,65004984226,0,0,1,1232,50,585
1138,65922480557,2,0,0,1234,50,585
1139,66849213678,0,0,1,1234,50,586
1140,67785237695,2,0,0,1236,50,586
1141,68730606798,0,0,1,1236,50,587
1142,69685375271,2,0,0,1238,50,587
1143,70649597486,0,0,1,1238,50,588
1144,71623327900,2,0,0,1240,50,588
1145,72606621064,0,0,1,1240,50,589
1146,73599531612,2,0,0,1242,50,589
1147,74602114269,0,0,1,1242,50,590
1148,75614423847,2,0,0,1244,50,590
1149,76636515246,0,0,1,1244,50,591
1150,77668443452,2,0,0,1246,50,591
1151,78710263538,0,0,1,1246,50,592
1152,79762030663,2,0,0,1248,50,592
1153,80823800078,0,0,1,1248,50,593
1154,81895627115,2,0,0,1250,50,593
1155,82977567193,0,0,1,1250,50,594
1156,84069675819,2,0,0,1252,50,594
1157,85172008582,0,0,1,1252,50,595
1158,86284621164,2,0,0,1254,50,595
1159,87407569324,0,0,1,1254,50,596
1160,88540908910,2,0,0,1256,50,596
1161,89684695857,0,0,1,1256,50,597
1162,90838986182,2,0,0,1258,50,597
1163,92003835986,0,0,1,1258,50,598
1164,93179301457,2,0,0,1260,50,598
1165,94365438866,0,0,1,1260,50,599
1166,95562304568,2,0,0,1262,50,599
1167,96769955000,0,0,1,1262,50,600
1168,97988446688,2,0,0,1264,50,600
1169,99217836236,0,0,1,1264,50,601
1170,100458180333,2,0,0,1266,50,601
1171,101709535752,0,0,1,1266,50,602
1172,102971959348,2,0,0,1268,50,602
1173,104245508059,0,0,1,1268,50,603
1174,105530238905,2,0,0,1270,50,603
1175,106826208989,0,0,1,1270,50,604
1176,108133475496,2,0,0,1272,50,604
1177,109452095695,0,0,1,1272,50,605
1178,110782126931,2,0,0,1274,50,605
1179,112123626636,0,0,1,1274,50,606
1180,113476652324,2,0,0,1276,50,606
1181,114841261585,0,0,1,1276,50,607
1182,116217512095,2,0,0,1278,50,607
1183,117605461609,0,0,1,1278,50,608
1184,119005167961,2,0,0,1280,50,608
1185,120416689068,0,0,1,1280,50,609
1186,121840082929,2,0,0,1282,50,609
1187,123275407619,0,0,1,1282,50,610
1188,124722721299,2,0,0,1284,50,610
1189,126182082196,0,0,1,1284,50,611
1190,127653548635,2,0,0,1286,50,611
1191,129137179012,0,0,1,1286,50,612
1192,130633031800,2,0,0,1288,50,612
1193,132141165555,0,0,1,1288,50,613
1194,133661638911,2,0,0,1290,50,613
1195,135194510581,0,0,1,1290,50,614
1196,136739963904,2,0,0,1292,50,614
1197,138297982902,0,0,1,1292,50,615
1198,139868306463,2,0,0,1294,50,615
1199,141451216903,0,0,1,1294,50,616
1200,143046939317,2,0,0,1296,50,616
1201,144656164109,0,0,1,1296,50,617
1202,146277673087,2,0,0,1298,50,617
1203,147911802978,0,0,1,1298,50,618
1204,149558102971,2,0,0,1300,50,618
1205,151218858622,0,0,1,1300,50,619
1206,152891639672,2,0,0,1302,50,619
1207,154577607377,0,0,1,1302,50,620
1208,156277289479,2,0,0,1304,50,620
1209,157990390580,0,0,1,1304,50,621
1210,159716475473,2,0,0,1306,50,621
1211,161456511387,0,0,1,1306,50,622
1212,163207628595,2,0,0,1308,50,622
1213,164974086106,0,0,1,1308,50,623
1214,166753508014,2,0,0,1310,50,623
1215,168547301257,0,0,1,1310,50,624
1216,170354026542,2,0,0,1312,50,624
1217,172174301106,0,0,1,1312,50,625
1218,174009051705,2,0,0,1314,50,625
1219,175858213234,0,0,1,1314,50,626
1220,177719148004,2,0,0,1316,50,626
1221,179595234366,0,0,1,1316,50,627
1222,181485639225,2,0,0,1318,50,627
1223,183389301377,0,0,1,1318,50,628
1224,185312432314,2,0,0,1320,50,628
1225,187240078744,0,0,1,1320,50,629
1226,189187105375,2,0,0,1322,50,629
1227,191148369533,0,0,1,1322,50,630
1228,193124436502,2,0,0,1324,50,630
1229,195114123380,0,0,1,1324,50,631
1230,197119432746,2,0,0,1326,50,631
1231,199138067603,0,0,1,1326,50,632
1232,201172200626,2,0,0,1328,50,632
1233,203218749287,0,0,1,1328,50,633
1234,205281746864,2,0,0,1330,50,633
1235,207359581918,0,0,1,1330,50,634
1236,209452410617,2,0,0,1332,50,634
1237,211560222062,0,0,1,1332,50,635
1238,213682564034,2,0,0,1334,50,635
1239,215820341492,0,0,1,1334,50,636
1240,217973386290,2,0,0,1336,50,636
1241,220141666533,0,0,1,1336,50,637
1242,222325390978,2,0,0,1338,50,637
1243,224523547501,0,0,1,1338,50,638
1244,226736759289,2,0,0,1340,50,638
1245,228966252083,0,0,1,1340,50,639
1246,231210779009,2,0,0,1342,50,639
1247,233471335908,0,0,1,1342,50,640
1248,235747469372,2,0,0,1344,50,640
1249,238039044254,0,0,1,1344,50,641
1250,240349957314,2,0,0,1346,50,641
1251,242669805326,0,0,1,1346,50,642
1252,245009388614,2,0,0,1348,50,642
1253,247364652870,0,0,1,1348,50,643
1254,249735277707,2,0,0,1350,50,643
1255,252122222393,0,0,1,1350,50,644
1256,254528645145,2,0,0,1352,50,644
1257,256944867413,0,0,1,1352,50,645
1258,259380541949,2,0,0,1354,50,645
1259,261832722983,0,0,1,1354,50,646
1260,264300997691,2,0,0,1356,50,646
1261,266785499026,0,0,1,1356,50,647
1262,269288303510,2,0,0,1358,50,647
1263,271804667295,0,0,1,1358,50,648
1264,274339471927,2,0,0,1360,50,648
1265,276895566232,0,0,1,1360,50,649
1266,279458393021,2,0,0,1362,50,649
1267,282043482689,0,0,1,1362,50,650
1268,284644906545,2,0,0,1364,50,650
1269,287263561881,0,0,1,1364,50,651
1270,289899404429,2,0,0,1366,50,651
1271,292552027445,0,0,1,1366,50,652
1272,295221198598,2,0,0,1368,50,652
1273,297908640761,0,0,1,1368,50,653
1274,300614286587,2,0,0,1370,50,653
1275,303334656225,0,0,1,1370,50,654
1276,306074965315,2,0,0,1372,50,654
1277,308831350300,0,0,1,1372,50,655
1278,311604360245,2,0,0,1374,50,655
1279,314396035467,0,0,1,1374,50,656
1280,317205372403,2,0,0,1376,50,656
1281,320032436027,0,0,1,1376,50,657
1282,322877291372,2,0,0,1378,50,657
1283,325740003539,0,0,1,1378,50,658
1284,328620637702,2,0,0,1380,50,658
1285,331519259094,0,0,1,1380,50,659
1286,334435933020,2,0,0,1382,50,659
1287,337370724852,0,0,1,1382,50,660
1288,340323700027,2,0,0,1384,50,660
1289,343294924048,0,0,1,1384,50,661
1290,346284462488,2,0,0,1386,50,661
1291,349292380981,0,0,1,1386,50,662
1292,352318745233,2,0,0,1388,50,662
1293,355363621011,0,0,1,1388,50,663
1294,358427074154,2,0,0,1390,50,663
1295,361509170563,0,0,1,1390,50,664
1296,364609976205,2,0,0,1392,50,664
1297,367729557114,0,0,1,1392,50,665
1298,370867979390,2,0,0,1394,50,665
1299,374025309195,0,0,1,1394,50,666
1300,377201612764,2,0,0,1396,50,666
